Path name after change,Path name before change,Module name,Kind,New number of steps,Original number of steps,Changed number of steps,Re-used number of steps,Deleted number of steps
"Z:\home\khoalh\Desktop\Project\PJ2010A\zui\BaseLine\5.DRShipment\PJ2010A006\src\WebKit-20100915\WebCore\platform\WS\SharedTimerWS.cpp","Z:\home\khoalh\Desktop\SEPG-stats\LoC\orgs\WebCore\platform\WS\SharedTimerWS.cpp","Out of module",cpp,0,49,34,14,13
Total number of steps, , , ,0,49,34,14,13

,New,Modified,Re-used,Deleted
Number of classes,0,0,0,0
Number of modules,0,0,0,0
